{
  "als": {
    "recall@10": 0.36016666666666663,
    "ndcg@10": 0.30793453246259744,
    "n_evaluated": 500,
    "recall@69": 0.7877333333333334,
    "ndcg@69": 0.43352615931027144,
    "train_seconds": 0.25313496589660645
  },
  "popularity": {
    "recall@10": 0.079,
    "ndcg@10": 0.04952326246051827,
    "n_evaluated": 500,
    "recall@69": 0.5582999999999999,
    "ndcg@69": 0.18486891904764252,
    "train_seconds": 0.001825094223022461
  },
  "dataset": {
    "n_playlists": 1500,
    "n_tracks": 138,
    "nnz": 26176,
    "source": "real-seeded"
  },
  "model": {
    "factors": 64,
    "iterations": 15
  }
}