{
  "als": {
    "recall@10": 0.30426666666666663,
    "ndcg@10": 0.22359669975964735,
    "n_evaluated": 500,
    "recall@50": 0.8151333333333333,
    "ndcg@50": 0.3816219598624921,
    "train_seconds": 0.2590179443359375
  },
  "popularity": {
    "recall@10": 0.1338,
    "ndcg@10": 0.09134848244099453,
    "n_evaluated": 500,
    "recall@50": 0.7023333333333333,
    "ndcg@50": 0.26053380600494686,
    "train_seconds": 0.0012187957763671875
  },
  "dataset": {
    "n_playlists": 1500,
    "n_tracks": 88,
    "nnz": 25766,
    "source": "real-seeded"
  },
  "model": {
    "factors": 64,
    "iterations": 15
  }
}