{
  "recall@10": 0.0568095238095238,
  "ndcg@10": 0.041687364085828085,
  "n_evaluated": 500,
  "recall@500": 0.822052380952381,
  "ndcg@500": 0.25142759389606406
}